Timestamp Saccade Onset,Timestamp Saccade Offset,Exclude from Anlysis,Timestamp Saccade Onset (2),X coordinate saccade onset,Y coordinate saccade onset,Timestamp Saccade Offset (2),X coordinate saccade offset,Y coordinate saccade offset,Saccade duration,Saccade latency,Movement,Mean horizonal position,Std horizonal position,Mean vertical position,Std vertical position,Trial #
,650.7651805877686,0,,0.0,-6.72,650.7651805877686,5.04,1.6,,,1,5.04,0,1.6,0,158
1183.1769943237305,,1,1183.1769943237305,5.04,1.6,,,,,532.4118137359619,1,,0,,0,158
,1009.0460777282715,0,,0.0,-6.72,1009.0460777282715,-2.32,-3.96,,,1,-2.32,0,-3.96,0,159
1390.6080722808838,1926.326036453247,0,1390.6080722808838,-2.32,-3.96,1926.326036453247,-5.7,1.44,535.7179641723633,381.5619945526123,1,-5.7,0,1.44,0,159
2242.161989212036,2693.341016769409,0,2242.161989212036,-5.7,1.44,2693.341016769409,-5.98,4.92,451.17902755737305,315.83595275878906,1,-5.98,0,4.92,0,159
3007.735013961792,3474.9081134796143,0,3007.735013961792,-5.98,4.92,3474.9081134796143,2.1,6.640000000000001,467.17309951782227,314.3939971923828,1,2.1,0,6.640000000000001,0,159
3844.008207321167,4509.742021560669,0,3844.008207321167,2.1,6.640000000000001,4509.742021560669,5.64,3.62,665.733814239502,369.10009384155273,1,5.64,0,3.62,0,159
5024.855136871338,,1,5024.855136871338,5.64,3.62,,,,,515.113115310669,1,,0,,0,159
,689.5248889923096,0,,0.0,-6.72,689.5248889923096,1.84,-2.5,,,1,1.84,0,-2.5,0,160
1126.2378692626953,1455.5308818817139,0,1126.2378692626953,1.84,-2.5,1455.5308818817139,-2.06,1.1,329.29301261901855,436.71298027038574,1,-2.06,0,1.1,0,160
1954.2899131774902,,1,1954.2899131774902,-2.06,1.1,,,,,498.75903129577637,1,,0,,0,160
,670.3159809112549,0,,0.0,-6.72,670.3159809112549,3.08,-3.38,,,1,3.08,0,-3.38,0,161
1084.1221809387207,,1,1084.1221809387207,3.08,-3.38,,,,,413.8062000274658,1,,0,,0,161
,1189.3129348754883,0,,0.0,-6.72,1189.3129348754883,2.32,-1.84,,,1,2.32,0,-1.84,0,162
1559.3950748443604,1805.833101272583,0,1559.3950748443604,2.32,-1.84,1805.833101272583,3.3000000000000003,1.74,246.43802642822266,370.08213996887207,1,3.3000000000000003,0,1.74,0,162
2188.913106918335,2476.4060974121094,0,2188.913106918335,3.3000000000000003,1.74,2476.4060974121094,4.0600000000000005,5.26,287.4929904937744,383.08000564575195,1,4.0600000000000005,0,5.26,0,162
2820.9609985351562,3373.6789226531982,0,2820.9609985351562,4.0600000000000005,5.26,3373.6789226531982,-2.1,7.08,552.717924118042,344.5549011230469,1,-2.1,0,7.08,0,162
3687.9730224609375,4040.8411026000977,0,3687.9730224609375,-2.1,7.08,4040.8411026000977,-5.9,0.6,352.86808013916016,314.29409980773926,1,-5.9,0,0.6,0,162
4354.543924331665,,1,4354.543924331665,-5.9,0.6,,,,,313.7028217315674,1,,0,,0,162
,1325.1919746398926,0,,0.0,-6.72,1325.1919746398926,-5.2,-3.8000000000000003,,,1,-5.2,0,-3.8000000000000003,0,163
1658.5040092468262,,1,1658.5040092468262,-5.2,-3.8000000000000003,,,,,333.3120346069336,1,,0,,0,163
,854.1109561920166,0,,0.0,-6.72,854.1109561920166,6.28,-2.92,,,1,6.28,0,-2.92,0,164
1168.5750484466553,1554.0919303894043,0,1168.5750484466553,6.28,-2.92,1554.0919303894043,5.28,2.2800000000000002,385.516881942749,314.4640922546387,1,5.28,0,2.2800000000000002,0,164
2402.392864227295,,1,2402.392864227295,5.28,2.2800000000000002,,,,,848.3009338378906,1,,0,,0,164
,757.2658061981201,0,,0.0,-6.72,757.2658061981201,1.6600000000000001,-3.2,,,1,1.6600000000000001,0,-3.2,0,165
1173.4049320220947,,1,1173.4049320220947,1.6600000000000001,-3.2,,,,,416.1391258239746,1,,0,,0,165
,957.2000503540039,0,,0.0,-6.72,957.2000503540039,1.8800000000000001,-4.04,,,1,1.8800000000000001,0,-4.04,0,166
1341.9420719146729,,1,1341.9420719146729,1.8800000000000001,-4.04,,,,,384.74202156066895,1,,0,,0,166
,1035.3350639343262,0,,0.0,-6.72,1035.3350639343262,4.22,0.22,,,1,4.22,0,0.22,0,167
1402.2979736328125,,1,1402.2979736328125,4.22,0.22,,,,,366.9629096984863,1,,0,,0,167
,1078.0291557312012,0,,0.0,-6.72,1078.0291557312012,1.42,1.86,,,1,1.42,0,1.86,0,168
1511.9121074676514,,1,1511.9121074676514,1.42,1.86,,,,,433.8829517364502,1,,0,,0,168
,1125.0,0,,0.0,-6.72,1125.0,-6.32,-4.7,,,1,-6.32,0,-4.7,0,169
1574.894905090332,,1,1574.894905090332,-6.32,-4.7,,,,,449.89490509033203,1,,0,,0,169
,1174.5591163635254,0,,0.0,-6.72,1174.5591163635254,2.96,-4.9,,,1,2.96,0,-4.9,0,170
1473.175048828125,,1,1473.175048828125,2.96,-4.9,,,,,298.6159324645996,1,,0,,0,170
,1036.9830131530762,0,,0.0,-6.72,1036.9830131530762,-0.52,-2.86,,,1,-0.52,0,-2.86,0,171
1636.502981185913,,1,1636.502981185913,-0.52,-2.86,,,,,599.5199680328369,1,,0,,0,171
,1047.2171306610107,0,,0.0,-6.72,1047.2171306610107,4.6000000000000005,-4.46,,,1,4.6000000000000005,0,-4.46,0,172
1397.5181579589844,,1,1397.5181579589844,4.6000000000000005,-4.46,,,,,350.30102729797363,1,,0,,0,172
,968.8818454742432,0,,0.0,-6.72,968.8818454742432,6.3,6.98,,,1,6.3,0,6.98,0,173
1454.2229175567627,,1,1454.2229175567627,6.3,6.98,,,,,485.34107208251953,1,,0,,0,173
,950.7560729980469,0,,0.0,-6.72,950.7560729980469,-0.88,0.66,,,1,-0.88,0,0.66,0,174
1366.455078125,1852.6930809020996,0,1366.455078125,-0.88,0.66,1852.6930809020996,-5.74,-4.76,486.2380027770996,415.6990051269531,1,-5.74,0,-4.76,0,174
2201.8520832061768,,1,2201.8520832061768,-5.74,-4.76,,,,,349.15900230407715,1,,0,,0,174
,823.9541053771973,0,,0.0,-6.72,823.9541053771973,6.3,-0.74,,,1,6.3,0,-0.74,0,175
1144.6599960327148,,1,1144.6599960327148,6.3,-0.74,,,,,320.7058906555176,1,,0,,0,175
,1189.6169185638428,0,,0.0,-6.72,1189.6169185638428,-1.7,6.76,,,1,-1.7,0,6.76,0,176
1538.0868911743164,,1,1538.0868911743164,-1.7,6.76,,,,,348.46997261047363,1,,0,,0,176
,801.2471199035645,0,,0.0,-6.72,801.2471199035645,4.46,-0.7000000000000001,,,1,4.46,0,-0.7000000000000001,0,177
1086.656093597412,1568.2060718536377,0,1086.656093597412,4.46,-0.7000000000000001,1568.2060718536377,-2.96,-2.48,481.5499782562256,285.40897369384766,1,-2.96,0,-2.48,0,177
1966.9921398162842,2254.5981407165527,0,1966.9921398162842,-2.96,-2.48,2254.5981407165527,-5.0200000000000005,0.04,287.60600090026855,398.7860679626465,1,-5.0200000000000005,0,0.04,0,177
2716.8891429901123,,1,2716.8891429901123,-5.0200000000000005,0.04,,,,,462.29100227355957,1,,0,,0,177
,878.4799575805664,0,,0.0,-6.72,878.4799575805664,2.2600000000000002,-3.96,,,1,2.2600000000000002,0,-3.96,0,178
1295.423984527588,,1,1295.423984527588,2.2600000000000002,-3.96,,,,,416.9440269470215,1,,0,,0,178
,1040.179967880249,0,,0.0,-6.72,1040.179967880249,4.4,-3.2600000000000002,,,1,4.4,0,-3.2600000000000002,0,179
1501.0700225830078,1972.9540348052979,0,1501.0700225830078,4.4,-3.2600000000000002,1972.9540348052979,-4.78,-3.48,471.88401222229004,460.8900547027588,1,-4.78,0,-3.48,0,179
2357.136011123657,2734.7538471221924,0,2357.136011123657,-4.78,-3.48,2734.7538471221924,4.5600000000000005,5.18,377.61783599853516,384.1819763183594,1,4.5600000000000005,0,5.18,0,179
3317.9779052734375,,1,3317.9779052734375,4.5600000000000005,5.18,,,,,583.2240581512451,1,,0,,0,179
,936.690092086792,0,,0.0,-6.72,936.690092086792,4.76,-3.66,,,1,4.76,0,-3.66,0,180
1317.1031475067139,1818.3250427246094,0,1317.1031475067139,4.76,-3.66,1818.3250427246094,-1.24,1.26,501.2218952178955,380.4130554199219,1,-1.24,0,1.26,0,180
2216.952085494995,2536.393165588379,0,2216.952085494995,-1.24,1.26,2536.393165588379,-6.1000000000000005,-3.36,319.4410800933838,398.62704277038574,1,-6.1000000000000005,0,-3.36,0,180
2834.6540927886963,3237.727165222168,0,2834.6540927886963,-6.1000000000000005,-3.36,3237.727165222168,-0.72,4.64,403.0730724334717,298.2609272003174,1,-0.72,0,4.64,0,180
3487.349033355713,4385.921001434326,0,3487.349033355713,-0.72,4.64,4385.921001434326,-0.72,4.64,898.5719680786133,249.62186813354492,1,-0.72,0,4.64,0,180
4834.017038345337,,1,4834.017038345337,-0.72,4.64,,,,,448.09603691101074,1,,0,,0,180
,828.0720710754395,0,,0.0,-6.72,828.0720710754395,1.18,-1.46,,,1,1.18,0,-1.46,0,181
1246.4570999145508,1595.5989360809326,0,1246.4570999145508,1.18,-1.46,1595.5989360809326,2.72,-4.96,349.14183616638184,418.3850288391113,1,2.72,0,-4.96,0,181
1926.0740280151367,2694.694995880127,0,1926.0740280151367,2.72,-4.96,2694.694995880127,6.26,7.12,768.6209678649902,330.4750919342041,1,6.26,0,7.12,0,181
3295.788049697876,,1,3295.788049697876,6.26,7.12,,,,,601.093053817749,1,,0,,0,181
,1028.9390087127686,0,,0.0,-6.72,1028.9390087127686,1.74,-1.44,,,1,1.74,0,-1.44,0,182
1329.4918537139893,1746.6118335723877,0,1329.4918537139893,1.74,-1.44,1746.6118335723877,3.7,-5.34,417.11997985839844,300.5528450012207,1,3.7,0,-5.34,0,182
2059.412956237793,2294.3198680877686,0,2059.412956237793,3.7,-5.34,2294.3198680877686,6.140000000000001,1.52,234.9069118499756,312.8011226654053,1,6.140000000000001,0,1.52,0,182
2809.079885482788,3247.8859424591064,0,2809.079885482788,6.140000000000001,1.52,3247.8859424591064,-3.7800000000000002,-2.02,438.80605697631836,514.7600173950195,1,-3.7800000000000002,0,-2.02,0,182
3613.4040355682373,,1,3613.4040355682373,-3.7800000000000002,-2.02,,,,,365.51809310913086,1,,0,,0,182
,1130.8960914611816,0,,0.0,-6.72,1130.8960914611816,2.38,5.32,,,1,2.38,0,5.32,0,183
1524.9989032745361,1908.8480472564697,0,1524.9989032745361,2.38,5.32,1908.8480472564697,-5.38,-3.98,383.8491439819336,394.1028118133545,1,-5.38,0,-3.98,0,183
2360.3720664978027,,1,2360.3720664978027,-5.38,-3.98,,,,,451.524019241333,1,,0,,0,183
,839.012861251831,0,,0.0,-6.72,839.012861251831,-0.38,3.06,,,1,-0.38,0,3.06,0,184
1306.1938285827637,,1,1306.1938285827637,-0.38,3.06,,,,,467.1809673309326,1,,0,,0,184
,1429.0711879730225,0,,0.0,-6.72,1429.0711879730225,3.04,-2.62,,,1,3.04,0,-2.62,0,185
1642.1329975128174,2331.322193145752,0,1642.1329975128174,3.04,-2.62,2331.322193145752,-1.4000000000000001,-3.6,689.1891956329346,213.06180953979492,1,-1.4000000000000001,0,-3.6,0,185
2575.972080230713,3030.7509899139404,0,2575.972080230713,-1.4000000000000001,-3.6,3030.7509899139404,-5.98,-2.42,454.77890968322754,244.64988708496094,1,-5.98,0,-2.42,0,185
3308.960199356079,3842.156171798706,0,3308.960199356079,-5.98,-2.42,3842.156171798706,-2.7600000000000002,4.36,533.195972442627,278.2092094421387,1,-2.7600000000000002,0,4.36,0,185
4079.728126525879,,1,4079.728126525879,-2.7600000000000002,4.36,,,,,237.57195472717285,1,,0,,0,185
,1168.4448719024658,0,,0.0,-6.72,1168.4448719024658,2.7600000000000002,0.9,,,1,2.7600000000000002,0,0.9,0,186
1435.7409477233887,,1,1435.7409477233887,2.7600000000000002,0.9,,,,,267.29607582092285,1,,0,,0,186
,962.9759788513184,0,,0.0,-6.72,962.9759788513184,6.3,-2.56,,,1,6.3,0,-2.56,0,187
1279.1149616241455,1697.8158950805664,0,1279.1149616241455,6.3,-2.56,1697.8158950805664,0.54,2.2,418.7009334564209,316.13898277282715,1,0.54,0,2.2,0,187
2012.5179290771484,2397.329807281494,0,2012.5179290771484,0.54,2.2,2397.329807281494,-2.24,0.58,384.8118782043457,314.70203399658203,1,-2.24,0,0.58,0,187
2895.77579498291,,1,2895.77579498291,-2.24,0.58,,,,,498.445987701416,1,,0,,0,187
,1241.560935974121,0,,0.0,-6.72,1241.560935974121,-5.9,4.12,,,1,-5.9,0,4.12,0,188
1774.9218940734863,,1,1774.9218940734863,-5.9,4.12,,,,,533.3609580993652,1,,0,,0,188
,982.2831153869629,0,,0.0,-6.72,982.2831153869629,-4.94,5.08,,,1,-4.94,0,5.08,0,189
1415.5421257019043,,1,1415.5421257019043,-4.94,5.08,,,,,433.2590103149414,1,,0,,0,189
,1349.6930599212646,0,,0.0,-6.72,1349.6930599212646,4.54,0.8,,,1,4.54,0,0.8,0,190
1627.971887588501,2435.6420040130615,0,1627.971887588501,4.54,0.8,2435.6420040130615,-1.12,-2.22,807.6701164245605,278.2788276672363,1,-1.12,0,-2.22,0,190
2744.8019981384277,3095.700979232788,0,2744.8019981384277,-1.12,-2.22,3095.700979232788,-4.24,1.8800000000000001,350.89898109436035,309.1599941253662,1,-4.24,0,1.8800000000000001,0,190
3495.0459003448486,,1,3495.0459003448486,-4.24,1.8800000000000001,,,,,399.34492111206055,1,,0,,0,190
,998.9898204803467,0,,0.0,-6.72,998.9898204803467,2.7600000000000002,4.3,,,1,2.7600000000000002,0,4.3,0,191
1398.3139991760254,,1,1398.3139991760254,2.7600000000000002,4.3,,,,,399.3241786956787,1,,0,,0,191
,753.76296043396,0,,0.0,-6.72,753.76296043396,5.76,0.88,,,1,5.76,0,0.88,0,192
1304.5549392700195,,1,1304.5549392700195,5.76,0.88,,,,,550.7919788360596,1,,0,,0,192
,976.9132137298584,0,,0.0,-6.72,976.9132137298584,2.18,1.3,,,1,2.18,0,1.3,0,193
1307.5151443481445,,1,1307.5151443481445,2.18,1.3,,,,,330.60193061828613,1,,0,,0,193
,784.9879264831543,0,,0.0,-6.72,784.9879264831543,3.16,-3.44,,,1,3.16,0,-3.44,0,194
1116.2569522857666,1734.5077991485596,0,1116.2569522857666,3.16,-3.44,1734.5077991485596,-5.08,1.8,618.250846862793,331.2690258026123,1,-5.08,0,1.8,0,194
2099.9138355255127,2451.4358043670654,0,2099.9138355255127,-5.08,1.8,2451.4358043670654,1.18,4.5,351.52196884155273,365.4060363769531,1,1.18,0,4.5,0,194
2816.20192527771,3085.03794670105,0,2816.20192527771,1.18,4.5,3085.03794670105,3.72,6.84,268.83602142333984,364.76612091064453,1,3.72,0,6.84,0,194
3503.3369064331055,,1,3503.3369064331055,3.72,6.84,,,,,418.29895973205566,1,,0,,0,194
,861.9661331176758,0,,0.0,-6.72,861.9661331176758,1.56,5.12,,,1,1.56,0,5.12,0,195
1328.7339210510254,,1,1328.7339210510254,1.56,5.12,,,,,466.7677879333496,1,,0,,0,195
,726.4940738677979,0,,0.0,-6.72,726.4940738677979,2.58,2.04,,,1,2.58,0,2.04,0,196
1173.9912033081055,,1,1173.9912033081055,2.58,2.04,,,,,447.4971294403076,1,,0,,0,196
,1025.879144668579,0,,0.0,-6.72,1025.879144668579,-4.7,-2.92,,,1,-4.7,0,-2.92,0,197
1420.177936553955,1736.402988433838,0,1420.177936553955,-4.7,-2.92,1736.402988433838,-6.12,0.14,316.2250518798828,394.298791885376,1,-6.12,0,0.14,0,197
2238.5411262512207,,1,2238.5411262512207,-6.12,0.14,,,,,502.1381378173828,1,,0,,0,197
,1157.944917678833,0,,0.0,-6.72,1157.944917678833,3.2,2.84,,,1,3.2,0,2.84,0,198
1401.602029800415,1901.8750190734863,0,1401.602029800415,3.2,2.84,1901.8750190734863,-0.28,-0.74,500.2729892730713,243.65711212158203,1,-0.28,0,-0.74,0,198
2154.3428897857666,,1,2154.3428897857666,-0.28,-0.74,,,,,252.46787071228027,1,,0,,0,198
,864.4230365753174,0,,0.0,-6.72,864.4230365753174,6.32,2.68,,,1,6.32,0,2.68,0,199
1298.1939315795898,,1,1298.1939315795898,6.32,2.68,,,,,433.77089500427246,1,,0,,0,199
,987.3480796813965,0,,0.0,-6.72,987.3480796813965,1.96,-4.0200000000000005,,,1,1.96,0,-4.0200000000000005,0,200
1305.8769702911377,1524.4090557098389,0,1305.8769702911377,1.96,-4.0200000000000005,1524.4090557098389,5.32,-3.54,218.53208541870117,318.5288906097412,1,5.32,0,-3.54,0,200
1853.896141052246,2272.7210521698,0,1853.896141052246,5.32,-3.54,2272.7210521698,-2.54,-3.64,418.8249111175537,329.4870853424072,1,-2.54,0,-3.64,0,200
2559.7500801086426,,1,2559.7500801086426,-2.54,-3.64,,,,,287.0290279388428,1,,0,,0,200
,996.985912322998,0,,0.0,-6.72,996.985912322998,0.96,-1.0,,,1,0.96,0,-1.0,0,201
1413.499116897583,1993.1859970092773,0,1413.499116897583,0.96,-1.0,1993.1859970092773,4.34,6.22,579.6868801116943,416.51320457458496,1,4.34,0,6.22,0,201
2395.5540657043457,,1,2395.5540657043457,4.34,6.22,,,,,402.36806869506836,1,,0,,0,201
,1058.3789348602295,0,,0.0,-6.72,1058.3789348602295,6.140000000000001,2.62,,,1,6.140000000000001,0,2.62,0,202
1408.4808826446533,,1,1408.4808826446533,6.140000000000001,2.62,,,,,350.1019477844238,1,,0,,0,202
,944.890022277832,0,,0.0,-6.72,944.890022277832,6.22,-3.44,,,1,6.22,0,-3.44,0,203
1478.8711071014404,,1,1478.8711071014404,6.22,-3.44,,,,,533.9810848236084,1,,0,,0,203
,1496.4628219604492,0,,0.0,-6.72,1496.4628219604492,-4.2,3.12,,,1,-4.2,0,3.12,0,204
1923.9299297332764,2307.2588443756104,0,1923.9299297332764,-4.2,3.12,2307.2588443756104,-0.64,6.5600000000000005,383.328914642334,427.46710777282715,1,-0.64,0,6.5600000000000005,0,204
2773.9779949188232,,1,2773.9779949188232,-0.64,6.5600000000000005,,,,,466.7191505432129,1,,0,,0,204
,925.4860877990723,0,,0.0,-6.72,925.4860877990723,3.7,-4.26,,,1,3.7,0,-4.26,0,205
1340.6569957733154,1809.2410564422607,0,1340.6569957733154,3.7,-4.26,1809.2410564422607,-3.06,-2.56,468.5840606689453,415.17090797424316,1,-3.06,0,-2.56,0,205
2107.771158218384,,1,2107.771158218384,-3.06,-2.56,,,,,298.53010177612305,1,,0,,0,205
,1262.8929615020752,0,,0.0,-6.72,1262.8929615020752,-5.58,4.14,,,1,-5.58,0,4.14,0,206
1712.60404586792,,1,1712.60404586792,-5.58,4.14,,,,,449.7110843658447,1,,0,,0,206
,1091.5610790252686,0,,0.0,-6.72,1091.5610790252686,3.92,6.22,,,1,3.92,0,6.22,0,207
1625.351905822754,,1,1625.351905822754,3.92,6.22,,,,,533.7908267974854,1,,0,,0,207
,874.8500347137451,0,,0.0,-6.72,874.8500347137451,6.3,-3.84,,,1,6.3,0,-3.84,0,208
1374.743938446045,,1,1374.743938446045,6.3,-3.84,,,,,499.8939037322998,1,,0,,0,208
,1131.4871311187744,0,,0.0,-6.72,1131.4871311187744,6.2,-3.08,,,1,6.2,0,-3.08,0,209
1586.9331359863281,2283.5140228271484,0,1586.9331359863281,6.2,-3.08,2283.5140228271484,4.5200000000000005,2.8000000000000003,696.5808868408203,455.4460048675537,1,4.5200000000000005,0,2.8000000000000003,0,209
2564.1231536865234,3417.5171852111816,0,2564.1231536865234,4.5200000000000005,2.8000000000000003,3417.5171852111816,4.5200000000000005,2.8000000000000003,853.3940315246582,280.609130859375,1,4.5200000000000005,0,2.8000000000000003,0,209
3753.4561157226562,,1,3753.4561157226562,4.5200000000000005,2.8000000000000003,,,,,335.9389305114746,1,,0,,0,209
,1190.3040409088135,0,,0.0,-6.72,1190.3040409088135,2.14,-3.62,,,1,2.14,0,-3.62,0,210
1455.9428691864014,2007.375955581665,0,1455.9428691864014,2.14,-3.62,2007.375955581665,-3.7,-5.18,551.4330863952637,265.6388282775879,1,-3.7,0,-5.18,0,210
2341.4759635925293,2807.533025741577,0,2341.4759635925293,-3.7,-5.18,2807.533025741577,-5.54,0.5,466.05706214904785,334.10000801086426,1,-5.54,0,0.5,0,210
3090.564966201782,3576.6589641571045,0,3090.564966201782,-5.54,0.5,3576.6589641571045,-6.0,6.94,486.09399795532227,283.0319404602051,1,-6.0,0,6.94,0,210
4225.61502456665,,1,4225.61502456665,-6.0,6.94,,,,,648.9560604095459,1,,0,,0,210
,1071.868896484375,0,,0.0,-6.72,1071.868896484375,0.52,-3.56,,,1,0.52,0,-3.56,0,211
1503.2479763031006,,1,1503.2479763031006,0.52,-3.56,,,,,431.3790798187256,1,,0,,0,211
,900.2940654754639,0,,0.0,-6.72,900.2940654754639,-0.84,0.02,,,1,-0.84,0,0.02,0,212
1418.3251857757568,,1,1418.3251857757568,-0.84,0.02,,,,,518.031120300293,1,,0,,0,212
,1741.9219017028809,0,,0.0,-6.72,1741.9219017028809,-0.22,-2.88,,,1,-0.22,0,-2.88,0,213
2307.945966720581,,1,2307.945966720581,-0.22,-2.88,,,,,566.0240650177002,1,,0,,0,213
,1155.0869941711426,0,,0.0,-6.72,1155.0869941711426,-2.12,5.24,,,1,-2.12,0,5.24,0,214
1503.1061172485352,1821.1421966552734,0,1503.1061172485352,-2.12,5.24,1821.1421966552734,1.3800000000000001,6.96,318.0360794067383,348.0191230773926,1,1.3800000000000001,0,6.96,0,214
2120.2661991119385,2755.491018295288,0,2120.2661991119385,1.3800000000000001,6.96,2755.491018295288,6.1000000000000005,4.9,635.2248191833496,299.12400245666504,1,6.1000000000000005,0,4.9,0,214
3019.6871757507324,,1,3019.6871757507324,6.1000000000000005,4.9,,,,,264.19615745544434,1,,0,,0,214
,806.8568706512451,0,,0.0,-6.72,806.8568706512451,0.64,-2.7600000000000002,,,1,0.64,0,-2.7600000000000002,0,215
1189.3258094787598,1541.822910308838,0,1189.3258094787598,0.64,-2.7600000000000002,1541.822910308838,-0.68,0.58,352.4971008300781,382.46893882751465,1,-0.68,0,0.58,0,215
1888.866901397705,2141.1828994750977,0,1888.866901397705,-0.68,0.58,2141.1828994750977,0.64,3.46,252.31599807739258,347.0439910888672,1,0.64,0,3.46,0,215
2473.335027694702,2892.786979675293,0,2473.335027694702,0.64,3.46,2892.786979675293,-1.44,6.72,419.4519519805908,332.1521282196045,1,-1.44,0,6.72,0,215
3405.8849811553955,,1,3405.8849811553955,-1.44,6.72,,,,,513.0980014801025,1,,0,,0,215
,956.0821056365967,0,,0.0,-6.72,956.0821056365967,3.86,-5.42,,,1,3.86,0,-5.42,0,216
1399.6798992156982,1915.8179759979248,0,1399.6798992156982,3.86,-5.42,1915.8179759979248,1.26,7.0200000000000005,516.1380767822266,443.59779357910156,1,1.26,0,7.0200000000000005,0,216
2432.512044906616,,1,2432.512044906616,1.26,7.0200000000000005,,,,,516.6940689086914,1,,0,,0,216
,988.274097442627,0,,0.0,-6.72,988.274097442627,4.98,2.3000000000000003,,,1,4.98,0,2.3000000000000003,0,217
1819.2989826202393,2270.587921142578,0,1819.2989826202393,4.98,2.3000000000000003,2270.587921142578,-1.1,3.22,451.28893852233887,831.0248851776123,1,-1.1,0,3.22,0,217
2652.662992477417,3420.320987701416,0,2652.662992477417,-1.1,3.22,3420.320987701416,-6.24,2.22,767.657995223999,382.07507133483887,1,-6.24,0,2.22,0,217
3709.362030029297,4089.292049407959,0,3709.362030029297,-6.24,2.22,4089.292049407959,-4.5600000000000005,-2.8000000000000003,379.9300193786621,289.04104232788086,1,-4.5600000000000005,0,-2.8000000000000003,0,217
4840.802907943726,,1,4840.802907943726,-4.5600000000000005,-2.8000000000000003,,,,,751.5108585357666,1,,0,,0,217
,982.9108715057373,0,,0.0,-6.72,982.9108715057373,2.06,4.54,,,1,2.06,0,4.54,0,218
1377.5389194488525,1978.2440662384033,0,1377.5389194488525,2.06,4.54,1978.2440662384033,-1.52,3.94,600.7051467895508,394.62804794311523,1,-1.52,0,3.94,0,218
2261.0628604888916,,1,2261.0628604888916,-1.52,3.94,,,,,282.8187942504883,1,,0,,0,218
,1141.8750286102295,0,,0.0,-6.72,1141.8750286102295,1.82,2.5,,,1,1.82,0,2.5,0,219
1541.7048931121826,,1,1541.7048931121826,1.82,2.5,,,,,399.8298645019531,1,,0,,0,219
,1050.8670806884766,0,,0.0,-6.72,1050.8670806884766,-4.72,-5.2,,,1,-4.72,0,-5.2,0,220
1501.9640922546387,,1,1501.9640922546387,-4.72,-5.2,,,,,451.0970115661621,1,,0,,0,220
,870.060920715332,0,,0.0,-6.72,870.060920715332,-0.62,-2.72,,,1,-0.62,0,-2.72,0,221
1218.8689708709717,1671.3910102844238,0,1218.8689708709717,-0.62,-2.72,1671.3910102844238,-2.24,0.0,452.52203941345215,348.80805015563965,1,-2.24,0,0.0,0,221
2053.8599491119385,2521.372079849243,0,2053.8599491119385,-2.24,0.0,2521.372079849243,-2.16,3.48,467.5121307373047,382.46893882751465,1,-2.16,0,3.48,0,221
2869.1959381103516,,1,2869.1959381103516,-2.16,3.48,,,,,347.8238582611084,1,,0,,0,221
,910.149097442627,0,,0.0,-6.72,910.149097442627,3.96,2.64,,,1,3.96,0,2.64,0,222
1793.247938156128,,1,1793.247938156128,3.96,2.64,,,,,883.098840713501,1,,0,,0,222
,807.6059818267822,0,,0.0,-6.72,807.6059818267822,0.92,-0.98,,,1,0.92,0,-0.98,0,223
1322.801113128662,1858.1311702728271,0,1322.801113128662,0.92,-0.98,1858.1311702728271,5.0200000000000005,-1.4000000000000001,535.330057144165,515.1951313018799,1,5.0200000000000005,0,-1.4000000000000001,0,223
2473.020076751709,,1,2473.020076751709,5.0200000000000005,-1.4000000000000001,,,,,614.8889064788818,1,,0,,0,223
,688.0979537963867,0,,0.0,-6.72,688.0979537963867,0.34,-0.22,,,1,0.34,0,-0.22,0,224
1388.481855392456,,1,1388.481855392456,0.34,-0.22,,,,,700.3839015960693,1,,0,,0,224
,1176.833152770996,0,,0.0,-6.72,1176.833152770996,-0.72,4.0,,,1,-0.72,0,4.0,0,225
1511.18803024292,,1,1511.18803024292,-0.72,4.0,,,,,334.3548774719238,1,,0,,0,225
,1411.8528366088867,0,,0.0,-6.72,1411.8528366088867,6.32,5.38,,,1,6.32,0,5.38,0,226
1807.4798583984375,2528.1519889831543,0,1807.4798583984375,6.32,5.38,2528.1519889831543,4.46,-3.2800000000000002,720.6721305847168,395.6270217895508,1,4.46,0,-3.2800000000000002,0,226
2863.0669116973877,3445.0390338897705,0,2863.0669116973877,4.46,-3.2800000000000002,3445.0390338897705,-5.3,0.12,581.9721221923828,334.9149227142334,1,-5.3,0,0.12,0,226
3876.6379356384277,4308.351993560791,0,3876.6379356384277,-5.3,0.12,4308.351993560791,-4.1,5.94,431.7140579223633,431.5989017486572,1,-4.1,0,5.94,0,226
4791.072845458984,,1,4791.072845458984,-4.1,5.94,,,,,482.72085189819336,1,,0,,0,226
,845.3631401062012,0,,0.0,-6.72,845.3631401062012,2.74,-2.04,,,1,2.74,0,-2.04,0,227
1224.4300842285156,,1,1224.4300842285156,2.74,-2.04,,,,,379.06694412231445,1,,0,,0,227
,991.6708469390869,0,,0.0,-6.72,991.6708469390869,-5.86,-5.5200000000000005,,,1,-5.86,0,-5.5200000000000005,0,228
1577.2268772125244,2108.372926712036,0,1577.2268772125244,-5.86,-5.5200000000000005,2108.372926712036,-5.94,4.54,531.1460494995117,585.5560302734375,1,-5.94,0,4.54,0,228
2545.306921005249,,1,2545.306921005249,-5.94,4.54,,,,,436.9339942932129,1,,0,,0,228
,1137.012004852295,0,,0.0,-6.72,1137.012004852295,4.94,-4.78,,,1,4.94,0,-4.78,0,229
1567.0511722564697,2131.615161895752,0,1567.0511722564697,4.94,-4.78,2131.615161895752,-0.54,2.96,564.5639896392822,430.0391674041748,1,-0.54,0,2.96,0,229
2648.9481925964355,,1,2648.9481925964355,-0.54,2.96,,,,,517.3330307006836,1,,0,,0,229
,1065.4170513153076,0,,0.0,-6.72,1065.4170513153076,4.7,0.92,,,1,4.7,0,0.92,0,230
1345.5638885498047,2045.5210208892822,0,1345.5638885498047,4.7,0.92,2045.5210208892822,2.66,-3.8200000000000003,699.9571323394775,280.14683723449707,1,2.66,0,-3.8200000000000003,0,230
2345.273971557617,,1,2345.273971557617,2.66,-3.8200000000000003,,,,,299.75295066833496,1,,0,,0,230
,902.224063873291,0,,0.0,-6.72,902.224063873291,-2.9,-0.2,,,1,-2.9,0,-0.2,0,231
1300.8780479431152,1786.2589359283447,0,1300.8780479431152,-2.9,-0.2,1786.2589359283447,-6.18,-5.48,485.3808879852295,398.6539840698242,1,-6.18,0,-5.48,0,231
2237.3459339141846,,1,2237.3459339141846,-6.18,-5.48,,,,,451.08699798583984,1,,0,,0,231
,933.9368343353271,0,,0.0,-6.72,933.9368343353271,2.98,-5.0200000000000005,,,1,2.98,0,-5.0200000000000005,0,232
1233.8910102844238,1500.4467964172363,0,1233.8910102844238,2.98,-5.0200000000000005,1500.4467964172363,5.82,-3.2,266.5557861328125,299.9541759490967,1,5.82,0,-3.2,0,232
1831.6090106964111,2183.6748123168945,0,1831.6090106964111,5.82,-3.2,2183.6748123168945,-1.04,-3.12,352.0658016204834,331.1622142791748,1,-1.04,0,-3.12,0,232
2614.736795425415,3116.820812225342,0,2614.736795425415,-1.04,-3.12,3116.820812225342,5.38,7.0,502.08401679992676,431.0619831085205,1,5.38,0,7.0,0,232
3781.8949222564697,,1,3781.8949222564697,5.38,7.0,,,,,665.0741100311279,1,,0,,0,232
,890.739917755127,0,,0.0,-6.72,890.739917755127,4.78,1.74,,,1,4.78,0,1.74,0,233
1273.118019104004,1661.6640090942383,0,1273.118019104004,4.78,1.74,1661.6640090942383,3.66,4.98,388.5459899902344,382.37810134887695,1,3.66,0,4.98,0,233
1956.1030864715576,,1,1956.1030864715576,3.66,4.98,,,,,294.43907737731934,1,,0,,0,233
,711.7571830749512,0,,0.0,-6.72,711.7571830749512,-0.38,-3.3000000000000003,,,1,-0.38,0,-3.3000000000000003,0,234
1076.5771865844727,1511.3670825958252,0,1076.5771865844727,-0.38,-3.3000000000000003,1511.3670825958252,4.5200000000000005,-4.12,434.78989601135254,364.8200035095215,1,4.5200000000000005,0,-4.12,0,234
1909.6941947937012,2326.979160308838,0,1909.6941947937012,4.5200000000000005,-4.12,2326.979160308838,5.86,-0.02,417.2849655151367,398.327112197876,1,5.86,0,-0.02,0,234
2628.9100646972656,3079.12015914917,0,2628.9100646972656,5.86,-0.02,3079.12015914917,1.8,2.06,450.2100944519043,301.93090438842773,1,1.8,0,2.06,0,234
3509.958028793335,,1,3509.958028793335,1.8,2.06,,,,,430.83786964416504,1,,0,,0,234
,859.3440055847168,0,,0.0,-6.72,859.3440055847168,-0.22,-1.9000000000000001,,,1,-0.22,0,-1.9000000000000001,0,235
1172.3859310150146,1541.0709381103516,0,1172.3859310150146,-0.22,-1.9000000000000001,1541.0709381103516,5.96,-2.92,368.6850070953369,313.04192543029785,1,5.96,0,-2.92,0,235
2472.6309776306152,2908.4908962249756,0,2472.6309776306152,5.96,-2.92,2908.4908962249756,3.4,3.02,435.85991859436035,931.5600395202637,1,3.4,0,3.02,0,235
3356.3449382781982,,1,3356.3449382781982,3.4,3.02,,,,,447.85404205322266,1,,0,,0,235
,1172.0759868621826,0,,0.0,-6.72,1172.0759868621826,3.56,3.36,,,1,3.56,0,3.36,0,236
1605.4611206054688,,1,1605.4611206054688,3.56,3.36,,,,,433.38513374328613,1,,0,,0,236
,1200.6051540374756,0,,0.0,-6.72,1200.6051540374756,0.36,-2.54,,,1,0.36,0,-2.54,0,237
1531.5251350402832,2018.517017364502,0,1531.5251350402832,0.36,-2.54,2018.517017364502,3.84,4.4,486.99188232421875,330.9199810028076,1,3.84,0,4.4,0,237
2331.747055053711,,1,2331.747055053711,3.84,4.4,,,,,313.230037689209,1,,0,,0,237
,967.2348499298096,0,,0.0,-6.72,967.2348499298096,-1.92,-2.42,,,1,-1.92,0,-2.42,0,238
1364.8159503936768,2131.6239833831787,0,1364.8159503936768,-1.92,-2.42,2131.6239833831787,-3.88,1.1,766.808032989502,397.5811004638672,1,-3.88,0,1.1,0,238
2715.2769565582275,,1,2715.2769565582275,-3.88,1.1,,,,,583.6529731750488,1,,0,,0,238
,1079.012155532837,0,,0.0,-6.72,1079.012155532837,-4.5600000000000005,-1.8,,,1,-4.5600000000000005,0,-1.8,0,239
1512.5739574432373,,1,1512.5739574432373,-4.5600000000000005,-1.8,,,,,433.5618019104004,1,,0,,0,239
,902.7299880981445,0,,0.0,-6.72,902.7299880981445,-0.68,-3.0,,,1,-0.68,0,-3.0,0,240
1317.6069259643555,1736.556053161621,0,1317.6069259643555,-0.68,-3.0,1736.556053161621,-1.32,1.3800000000000001,418.9491271972656,414.87693786621094,1,-1.32,0,1.3800000000000001,0,240
2102.8029918670654,,1,2102.8029918670654,-1.32,1.3800000000000001,,,,,366.24693870544434,1,,0,,0,240
,1437.666893005371,0,,0.0,-6.72,1437.666893005371,0.02,-3.2800000000000002,,,1,0.02,0,-3.2800000000000002,0,241
1668.7698364257812,2139.277935028076,0,1668.7698364257812,0.02,-3.2800000000000002,2139.277935028076,2.7,-0.88,470.5080986022949,231.10294342041016,1,2.7,0,-0.88,0,241
2419.420003890991,2706.8018913269043,0,2419.420003890991,2.7,-0.88,2706.8018913269043,5.96,-1.12,287.3818874359131,280.14206886291504,1,5.96,0,-1.12,0,241
2989.56298828125,,1,2989.56298828125,5.96,-1.12,,,,,282.7610969543457,1,,0,,0,241
,626.1379718780518,0,,0.0,-6.72,626.1379718780518,2.24,-2.94,,,1,2.24,0,-2.94,0,242
1042.2890186309814,,1,1042.2890186309814,2.24,-2.94,,,,,416.1510467529297,1,,0,,0,242
,770.8830833435059,0,,0.0,-6.72,770.8830833435059,1.0,-3.62,,,1,1.0,0,-3.62,0,243
1103.5840511322021,1521.4319229125977,0,1103.5840511322021,1.0,-3.62,1521.4319229125977,4.98,-5.5200000000000005,417.8478717803955,332.7009677886963,1,4.98,0,-5.5200000000000005,0,243
2305.999994277954,2756.1779022216797,0,2305.999994277954,4.98,-5.5200000000000005,2756.1779022216797,-2.9,-2.82,450.1779079437256,784.5680713653564,1,-2.9,0,-2.82,0,243
3092.6449298858643,,1,3092.6449298858643,-2.9,-2.82,,,,,336.46702766418457,1,,0,,0,243
,814.6488666534424,0,,0.0,-6.72,814.6488666534424,5.22,2.64,,,1,5.22,0,2.64,0,244
1428.2870292663574,1731.4319610595703,0,1428.2870292663574,5.22,2.64,1731.4319610595703,3.3000000000000003,5.7,303.1449317932129,613.638162612915,1,3.3000000000000003,0,5.7,0,244
2061.461925506592,,1,2061.461925506592,3.3000000000000003,5.7,,,,,330.0299644470215,1,,0,,0,244
,1176.9440174102783,0,,0.0,-6.72,1176.9440174102783,-5.44,-5.5200000000000005,,,1,-5.44,0,-5.5200000000000005,0,245
1509.8981857299805,2046.7841625213623,0,1509.8981857299805,-5.44,-5.5200000000000005,2046.7841625213623,2.2800000000000002,-4.3,536.8859767913818,332.95416831970215,1,2.2800000000000002,0,-4.3,0,245
2373.769998550415,2794.8951721191406,0,2373.769998550415,2.2800000000000002,-4.3,2794.8951721191406,5.5,2.2,421.1251735687256,326.98583602905273,1,5.5,0,2.2,0,245
3157.564163208008,,1,3157.564163208008,5.5,2.2,,,,,362.6689910888672,1,,0,,0,245
,735.2249622344971,0,,0.0,-6.72,735.2249622344971,-2.8000000000000003,-5.22,,,1,-2.8000000000000003,0,-5.22,0,246
1051.5029430389404,1453.028917312622,0,1051.5029430389404,-2.8000000000000003,-5.22,1453.028917312622,-5.6000000000000005,-3.3000000000000003,401.52597427368164,316.27798080444336,1,-5.6000000000000005,0,-3.3000000000000003,0,246
1818.7410831451416,2285.006046295166,0,1818.7410831451416,-5.6000000000000005,-3.3000000000000003,2285.006046295166,-5.58,1.4000000000000001,466.2649631500244,365.71216583251953,1,-5.58,0,1.4000000000000001,0,246
2702.3749351501465,,1,2702.3749351501465,-5.58,1.4000000000000001,,,,,417.36888885498047,1,,0,,0,246
,625.493049621582,0,,0.0,-6.72,625.493049621582,3.66,-5.48,,,1,3.66,0,-5.48,0,247
1105.752944946289,1759.2389583587646,0,1105.752944946289,3.66,-5.48,1759.2389583587646,3.58,-1.46,653.4860134124756,480.25989532470703,1,3.58,0,-1.46,0,247
2055.9260845184326,2606.109142303467,0,2055.9260845184326,3.58,-1.46,2606.109142303467,5.0200000000000005,6.3,550.1830577850342,296.68712615966797,1,5.0200000000000005,0,6.3,0,247
3013.643980026245,3205.5771350860596,0,3013.643980026245,5.0200000000000005,6.3,3205.5771350860596,5.0200000000000005,6.3,191.93315505981445,407.5348377227783,1,5.0200000000000005,0,6.3,0,247
3722.576141357422,,1,3722.576141357422,5.0200000000000005,6.3,,,,,516.9990062713623,1,,0,,0,247
,1156.8989753723145,0,,0.0,-6.72,1156.8989753723145,2.92,-1.02,,,1,2.92,0,-1.02,0,248
1622.9159832000732,,1,1622.9159832000732,2.92,-1.02,,,,,466.0170078277588,1,,0,,0,248
,816.9369697570801,0,,0.0,-6.72,816.9369697570801,0.8,0.64,,,1,0.8,0,0.64,0,249
1311.4449977874756,1645.0409889221191,0,1311.4449977874756,0.8,0.64,1645.0409889221191,5.76,2.36,333.59599113464355,494.5080280303955,1,5.76,0,2.36,0,249
2011.733055114746,,1,2011.733055114746,5.76,2.36,,,,,366.69206619262695,1,,0,,0,249
,803.2670021057129,0,,0.0,-6.72,803.2670021057129,-1.24,-2.96,,,1,-1.24,0,-2.96,0,250
1191.0970211029053,1639.2338275909424,0,1191.0970211029053,-1.24,-2.96,1639.2338275909424,4.0600000000000005,-4.12,448.1368064880371,387.8300189971924,1,4.0600000000000005,0,-4.12,0,250
2069.5488452911377,2787.1248722076416,0,2069.5488452911377,4.0600000000000005,-4.12,2787.1248722076416,0.78,1.0,717.5760269165039,430.3150177001953,1,0.78,0,1.0,0,250
3052.654981613159,3471.1079597473145,0,3052.654981613159,0.78,1.0,3471.1079597473145,-1.98,3.16,418.4529781341553,265.5301094055176,1,-1.98,0,3.16,0,250
4070.236921310425,4370.930910110474,0,4070.236921310425,-1.98,3.16,4370.930910110474,-4.96,-3.0,300.6939888000488,599.1289615631104,1,-4.96,0,-3.0,0,250
4787.230014801025,,1,4787.230014801025,-4.96,-3.0,,,,,416.29910469055176,1,,0,,0,250
,746.129035949707,0,,0.0,-6.72,746.129035949707,4.12,-5.0600000000000005,,,1,4.12,0,-5.0600000000000005,0,251
1128.5231113433838,,1,1128.5231113433838,4.12,-5.0600000000000005,,,,,382.39407539367676,1,,0,,0,251
,1196.9590187072754,0,,0.0,-6.72,1196.9590187072754,3.42,0.98,,,1,3.42,0,0.98,0,252
1563.093900680542,,1,1563.093900680542,3.42,0.98,,,,,366.1348819732666,1,,0,,0,252
,901.263952255249,0,,0.0,-6.72,901.263952255249,4.94,0.66,,,1,4.94,0,0.66,0,253
1336.3709449768066,,1,1336.3709449768066,4.94,0.66,,,,,435.1069927215576,1,,0,,0,253
,1108.3099842071533,0,,0.0,-6.72,1108.3099842071533,5.3,-1.92,,,1,5.3,0,-1.92,0,254
1439.7311210632324,2224.75004196167,0,1439.7311210632324,5.3,-1.92,2224.75004196167,-6.32,-5.04,785.0189208984375,331.4211368560791,1,-6.32,0,-5.04,0,254
2522.5980281829834,2959.4361782073975,0,2522.5980281829834,-6.32,-5.04,2959.4361782073975,-5.54,2.52,436.83815002441406,297.8479862213135,1,-5.54,0,2.52,0,254
3639.397144317627,,1,3639.397144317627,-5.54,2.52,,,,,679.9609661102295,1,,0,,0,254
,886.693000793457,0,,0.0,-6.72,886.693000793457,-5.4,-5.3,,,1,-5.4,0,-5.3,0,255
1253.01194190979,,1,1253.01194190979,-5.4,-5.3,,,,,366.318941116333,1,,0,,0,255
,736.2627983093262,0,,0.0,-6.72,736.2627983093262,-3.1,-3.88,,,1,-3.1,0,-3.88,0,256
1168.008804321289,,1,1168.008804321289,-3.1,-3.88,,,,,431.7460060119629,1,,0,,0,256
,1017.5960063934326,0,,0.0,-6.72,1017.5960063934326,0.46,-1.22,,,1,0.46,0,-1.22,0,257
1395.400047302246,1717.7960872650146,0,1395.400047302246,0.46,-1.22,1717.7960872650146,-5.22,-0.08,322.39603996276855,377.8040409088135,1,-5.22,0,-0.08,0,257
2211.7819786071777,2783.013105392456,0,2211.7819786071777,-5.22,-0.08,2783.013105392456,-5.66,6.12,571.2311267852783,493.9858913421631,1,-5.66,0,6.12,0,257
3094.860076904297,3517.2369480133057,0,3094.860076904297,-5.66,6.12,3517.2369480133057,-1.96,6.48,422.3768711090088,311.8469715118408,1,-1.96,0,6.48,0,257
3781.5420627593994,4062.1519088745117,0,3781.5420627593994,-1.96,6.48,4062.1519088745117,2.12,6.5600000000000005,280.6098461151123,264.30511474609375,1,2.12,0,6.5600000000000005,0,257
4545.0849533081055,,1,4545.0849533081055,2.12,6.5600000000000005,,,,,482.93304443359375,1,,0,,0,257
,1126.328945159912,0,,0.0,-6.72,1126.328945159912,-0.52,-2.4,,,1,-0.52,0,-2.4,0,258
1496.7279434204102,1794.3999767303467,0,1496.7279434204102,-0.52,-2.4,1794.3999767303467,6.0200000000000005,-4.3,297.6720333099365,370.39899826049805,1,6.0200000000000005,0,-4.3,0,258
2308.5429668426514,2710.4809284210205,0,2308.5429668426514,6.0200000000000005,-4.3,2710.4809284210205,2.16,4.12,401.93796157836914,514.1429901123047,1,2.16,0,4.12,0,258
3046.175956726074,,1,3046.175956726074,2.16,4.12,,,,,335.6950283050537,1,,0,,0,258
,1109.5101833343506,0,,0.0,-6.72,1109.5101833343506,-1.52,5.0200000000000005,,,1,-1.52,0,5.0200000000000005,0,259
1559.777021408081,,1,1559.777021408081,-1.52,5.0200000000000005,,,,,450.26683807373047,1,,0,,0,259
,970.9639549255371,0,,0.0,-6.72,970.9639549255371,-4.24,3.86,,,1,-4.24,0,3.86,0,260
1459.7299098968506,,1,1459.7299098968506,-4.24,3.86,,,,,488.7659549713135,1,,0,,0,260
,820.8351135253906,0,,0.0,-6.72,820.8351135253906,2.88,-4.24,,,1,2.88,0,-4.24,0,261
1125.6229877471924,1457.1161270141602,0,1125.6229877471924,2.88,-4.24,1457.1161270141602,6.04,-4.9,331.4931392669678,304.78787422180176,1,6.04,0,-4.9,0,261
1769.477128982544,,1,1769.477128982544,6.04,-4.9,,,,,312.3610019683838,1,,0,,0,261
,714.0798568725586,0,,0.0,-6.72,714.0798568725586,-3.3000000000000003,-1.92,,,1,-3.3000000000000003,0,-1.92,0,262
1114.0058040618896,1531.9678783416748,0,1114.0058040618896,-3.3000000000000003,-1.92,1531.9678783416748,4.1,-4.54,417.96207427978516,399.92594718933105,1,4.1,0,-4.54,0,262
2096.8499183654785,2548.311948776245,0,2096.8499183654785,4.1,-4.54,2548.311948776245,1.6600000000000001,6.5200000000000005,451.4620304107666,564.8820400238037,1,1.6600000000000001,0,6.5200000000000005,0,262
2997.370958328247,,1,2997.370958328247,1.6600000000000001,6.5200000000000005,,,,,449.05900955200195,1,,0,,0,262
,1005.1150321960449,0,,0.0,-6.72,1005.1150321960449,-2.08,-2.34,,,1,-2.08,0,-2.34,0,263
1243.0031299591064,2090.891122817993,0,1243.0031299591064,-2.08,-2.34,2090.891122817993,-5.72,-2.54,847.8879928588867,237.88809776306152,1,-5.72,0,-2.54,0,263
2338.083028793335,,1,2338.083028793335,-5.72,-2.54,,,,,247.1919059753418,1,,0,,0,263
,1039.4740104675293,0,,0.0,-6.72,1039.4740104675293,4.14,-4.5200000000000005,,,1,4.14,0,-4.5200000000000005,0,264
1337.8641605377197,,1,1337.8641605377197,4.14,-4.5200000000000005,,,,,298.39015007019043,1,,0,,0,264
,791.0981178283691,0,,0.0,-6.72,791.0981178283691,-0.84,-0.58,,,1,-0.84,0,-0.58,0,265
1073.2300281524658,1509.6521377563477,0,1073.2300281524658,-0.84,-0.58,1509.6521377563477,-2.8000000000000003,-4.5200000000000005,436.42210960388184,282.1319103240967,1,-2.8000000000000003,0,-4.5200000000000005,0,265
1806.0109615325928,2173.78306388855,0,1806.0109615325928,-2.8000000000000003,-4.5200000000000005,2173.78306388855,3.54,-3.14,367.77210235595703,296.3588237762451,1,3.54,0,-3.14,0,265
2489.6981716156006,2775.297164916992,0,2489.6981716156006,3.54,-3.14,2775.297164916992,6.2,-5.14,285.5989933013916,315.9151077270508,1,6.2,0,-5.14,0,265
3106.7161560058594,3478.105068206787,0,3106.7161560058594,6.2,-5.14,3478.105068206787,6.32,1.1,371.38891220092773,331.4189910888672,1,6.32,0,1.1,0,265
4440.108060836792,4894.4361209869385,0,4440.108060836792,6.32,1.1,4894.4361209869385,0.3,4.74,454.3280601501465,962.0029926300049,1,0.3,0,4.74,0,265
5273.952007293701,,1,5273.952007293701,0.3,4.74,,,,,379.5158863067627,1,,0,,0,265
,866.4319515228271,0,,0.0,-6.72,866.4319515228271,-0.84,-2.4,,,1,-0.84,0,-2.4,0,266
1283.0779552459717,,1,1283.0779552459717,-0.84,-2.4,,,,,416.64600372314453,1,,0,,0,266
,887.4709606170654,0,,0.0,-6.72,887.4709606170654,-3.36,2.48,,,1,-3.36,0,2.48,0,267
1437.851905822754,,1,1437.851905822754,-3.36,2.48,,,,,550.3809452056885,1,,0,,0,267
,1276.3679027557373,0,,0.0,-6.72,1276.3679027557373,-5.92,3.48,,,1,-5.92,0,3.48,0,268
1743.3688640594482,,1,1743.3688640594482,-5.92,3.48,,,,,467.00096130371094,1,,0,,0,268
,751.7130374908447,0,,0.0,-6.72,751.7130374908447,1.54,1.76,,,1,1.54,0,1.76,0,269
1201.843023300171,,1,1201.843023300171,1.54,1.76,,,,,450.1299858093262,1,,0,,0,269
,899.4011878967285,0,,0.0,-6.72,899.4011878967285,-5.62,-0.72,,,1,-5.62,0,-0.72,0,270
1345.9951877593994,1810.1091384887695,0,1345.9951877593994,-5.62,-0.72,1810.1091384887695,-2.5,4.5200000000000005,464.1139507293701,446.5939998626709,1,-2.5,0,4.5200000000000005,0,270
2260.146141052246,,1,2260.146141052246,-2.5,4.5200000000000005,,,,,450.03700256347656,1,,0,,0,270
,688.4269714355469,0,,0.0,-6.72,688.4269714355469,-1.32,-2.42,,,1,-1.32,0,-2.42,0,271
1171.6129779815674,,1,1171.6129779815674,-1.32,-2.42,,,,,483.1860065460205,1,,0,,0,271
,979.0730476379395,0,,0.0,-6.72,979.0730476379395,0.16,2.5,,,1,0.16,0,2.5,0,272
1429.5220375061035,,1,1429.5220375061035,0.16,2.5,,,,,450.44898986816406,1,,0,,0,272
,911.5030765533447,0,,0.0,-6.72,911.5030765533447,-6.140000000000001,-5.08,,,1,-6.140000000000001,0,-5.08,0,273
1394.1700458526611,2027.7109146118164,0,1394.1700458526611,-6.140000000000001,-5.08,2027.7109146118164,5.58,-5.34,633.5408687591553,482.6669692993164,1,5.58,0,-5.34,0,273
2562.649965286255,,1,2562.649965286255,5.58,-5.34,,,,,534.9390506744385,1,,0,,0,273
,897.1610069274902,0,,0.0,-6.72,897.1610069274902,1.82,-2.2800000000000002,,,1,1.82,0,-2.2800000000000002,0,274
1195.2381134033203,1479.5751571655273,0,1195.2381134033203,1.82,-2.2800000000000002,1479.5751571655273,-2.68,-4.5200000000000005,284.33704376220703,298.0771064758301,1,-2.68,0,-4.5200000000000005,0,274
1813.7950897216797,2315.678119659424,0,1813.7950897216797,-2.68,-4.5200000000000005,2315.678119659424,-6.3,0.48,501.88302993774414,334.21993255615234,1,-6.3,0,0.48,0,274
2644.4029808044434,2912.8780364990234,0,2644.4029808044434,-6.3,0.48,2912.8780364990234,-6.28,3.66,268.4750556945801,328.72486114501953,1,-6.28,0,3.66,0,274
3295.055150985718,3446.442127227783,0,3295.055150985718,-6.28,3.66,3446.442127227783,-0.86,4.0200000000000005,151.38697624206543,382.17711448669434,1,-0.86,0,4.0200000000000005,0,274
4079.000949859619,4578.735113143921,0,4079.000949859619,-0.86,4.0200000000000005,4578.735113143921,2.84,6.5,499.73416328430176,632.5588226318359,1,2.84,0,6.5,0,274
4978.747129440308,5463.289976119995,0,4978.747129440308,2.84,6.5,5463.289976119995,-6.28,3.66,484.5428466796875,400.0120162963867,1,-6.28,0,3.66,0,274
5862.014055252075,6283.116102218628,0,5862.014055252075,-6.28,3.66,6283.116102218628,-6.3,0.48,421.10204696655273,398.7240791320801,1,-6.3,0,0.48,0,274
7129.646062850952,,1,7129.646062850952,-6.3,0.48,,,,,846.5299606323242,1,,0,,0,274
,1039.3610000610352,0,,0.0,-6.72,1039.3610000610352,-5.0200000000000005,-3.2800000000000002,,,1,-5.0200000000000005,0,-3.2800000000000002,0,275
1351.9890308380127,1985.4989051818848,0,1351.9890308380127,-5.0200000000000005,-3.2800000000000002,1985.4989051818848,-2.22,2.2600000000000002,633.5098743438721,312.62803077697754,1,-2.22,0,2.2600000000000002,0,275
2853.389024734497,,1,2853.389024734497,-2.22,2.2600000000000002,,,,,867.8901195526123,1,,0,,0,275
,739.8438453674316,0,,0.0,-6.72,739.8438453674316,1.4000000000000001,-2.82,,,1,1.4000000000000001,0,-2.82,0,276
1155.1148891448975,1955.7139873504639,0,1155.1148891448975,1.4000000000000001,-2.82,1955.7139873504639,-5.32,5.54,800.5990982055664,415.2710437774658,1,-5.32,0,5.54,0,276
2389.2648220062256,,1,2389.2648220062256,-5.32,5.54,,,,,433.5508346557617,1,,0,,0,276
,729.7289371490479,0,,0.0,-6.72,729.7289371490479,-2.98,-4.78,,,1,-2.98,0,-4.78,0,277
1147.6750373840332,1416.0480499267578,0,1147.6750373840332,-2.98,-4.78,1416.0480499267578,-2.98,-4.78,268.3730125427246,417.94610023498535,1,-2.98,0,-4.78,0,277
1878.70192527771,,1,1878.70192527771,-2.98,-4.78,,,,,462.65387535095215,1,,0,,0,277
,1464.547872543335,0,,0.0,-6.72,1464.547872543335,4.68,-1.96,,,1,4.68,0,-1.96,0,278
1749.229907989502,,1,1749.229907989502,4.68,-1.96,,,,,284.682035446167,1,,0,,0,278
,916.4719581604004,0,,0.0,-6.72,916.4719581604004,2.18,4.4,,,1,2.18,0,4.4,0,279
1398.362159729004,,1,1398.362159729004,2.18,4.4,,,,,481.8902015686035,1,,0,,0,279
,1019.150972366333,0,,0.0,-6.72,1019.150972366333,-0.12,-1.7,,,1,-0.12,0,-1.7,0,280
1333.287000656128,1651.439905166626,0,1333.287000656128,-0.12,-1.7,1651.439905166626,-2.34,0.9,318.15290451049805,314.1360282897949,1,-2.34,0,0.9,0,280
2049.8270988464355,2435.009002685547,0,2049.8270988464355,-2.34,0.9,2435.009002685547,-2.1,5.84,385.1819038391113,398.38719367980957,1,-2.1,0,5.84,0,280
2969.128131866455,3233.739137649536,0,2969.128131866455,-2.1,5.84,3233.739137649536,-5.12,6.72,264.61100578308105,534.1191291809082,1,-5.12,0,6.72,0,280
3583.411931991577,4071.1710453033447,0,3583.411931991577,-5.12,6.72,4071.1710453033447,4.92,3.86,487.7591133117676,349.672794342041,1,4.92,0,3.86,0,280
5104.120969772339,,1,5104.120969772339,4.92,3.86,,,,,1032.9499244689941,1,,0,,0,280
,1087.5911712646484,0,,0.0,-6.72,1087.5911712646484,2.72,6.86,,,1,2.72,0,6.86,0,281
1671.2861061096191,,1,1671.2861061096191,2.72,6.86,,,,,583.6949348449707,1,,0,,0,281
,802.0510673522949,0,,0.0,-6.72,802.0510673522949,3.62,-0.74,,,1,3.62,0,-0.74,0,282
1102.1809577941895,1887.3400688171387,0,1102.1809577941895,3.62,-0.74,1887.3400688171387,4.82,-4.76,785.1591110229492,300.12989044189453,1,4.82,0,-4.76,0,282
2235.3861331939697,,1,2235.3861331939697,4.82,-4.76,,,,,348.04606437683105,1,,0,,0,282
,725.2981662750244,0,,0.0,-6.72,725.2981662750244,3.92,-4.08,,,1,3.92,0,-4.08,0,283
1105.7560443878174,1742.933988571167,0,1105.7560443878174,3.92,-4.08,1742.933988571167,6.0600000000000005,1.0,637.1779441833496,380.45787811279297,1,6.0600000000000005,0,1.0,0,283
2058.2430362701416,2578.2840251922607,0,2058.2430362701416,6.0600000000000005,1.0,2578.2840251922607,3.16,6.38,520.0409889221191,315.3090476989746,1,3.16,0,6.38,0,283
2989.3550872802734,3511.8160247802734,0,2989.3550872802734,3.16,6.38,3511.8160247802734,-3.84,6.6000000000000005,522.4609375,411.0710620880127,1,-3.84,0,6.6000000000000005,0,283
3872.7149963378906,4123.60405921936,0,3872.7149963378906,-3.84,6.6000000000000005,4123.60405921936,-5.92,4.14,250.88906288146973,360.8989715576172,1,-5.92,0,4.14,0,283
4606.681108474731,,1,4606.681108474731,-5.92,4.14,,,,,483.0770492553711,1,,0,,0,283
,1126.6710758209229,0,,0.0,-6.72,1126.6710758209229,3.7600000000000002,-5.48,,,1,3.7600000000000002,0,-5.48,0,284
1493.0140972137451,,1,1493.0140972137451,3.7600000000000002,-5.48,,,,,366.34302139282227,1,,0,,0,284
,921.3449954986572,0,,0.0,-6.72,921.3449954986572,1.28,6.98,,,1,1.28,0,6.98,0,285
1371.513843536377,,1,1371.513843536377,1.28,6.98,,,,,450.1688480377197,1,,0,,0,285
,1185.4631900787354,0,,0.0,-6.72,1185.4631900787354,4.08,6.46,,,1,4.08,0,6.46,0,286
1685.1551532745361,2420.250177383423,0,1685.1551532745361,4.08,6.46,2420.250177383423,-5.74,4.84,735.0950241088867,499.6919631958008,1,-5.74,0,4.84,0,286
2855.487108230591,,1,2855.487108230591,-5.74,4.84,,,,,435.23693084716797,1,,0,,0,286
,878.119945526123,0,,0.0,-6.72,878.119945526123,1.7,-0.06,,,1,1.7,0,-0.06,0,287
1177.7780055999756,1613.4858131408691,0,1177.7780055999756,1.7,-0.06,1613.4858131408691,5.34,-0.46,435.70780754089355,299.65806007385254,1,5.34,0,-0.46,0,287
1961.1458778381348,,1,1961.1458778381348,5.34,-0.46,,,,,347.6600646972656,1,,0,,0,287
,900.9320735931396,0,,0.0,-6.72,900.9320735931396,-4.96,-3.6,,,1,-4.96,0,-3.6,0,288
1300.879955291748,,1,1300.879955291748,-4.96,-3.6,,,,,399.9478816986084,1,,0,,0,288
,1036.9060039520264,0,,0.0,-6.72,1036.9060039520264,5.82,-5.04,,,1,5.82,0,-5.04,0,289
1805.0541877746582,,1,1805.0541877746582,5.82,-5.04,,,,,768.1481838226318,1,,0,,0,289
,800.6608486175537,0,,0.0,-6.72,800.6608486175537,6.04,-3.52,,,1,6.04,0,-3.52,0,290
1133.4469318389893,1767.4229145050049,0,1133.4469318389893,6.04,-3.52,1767.4229145050049,-4.76,-5.2,633.9759826660156,332.78608322143555,1,-4.76,0,-5.2,0,290
2002.6779174804688,2453.0248641967773,0,2002.6779174804688,-4.76,-5.2,2453.0248641967773,-6.140000000000001,0.92,450.3469467163086,235.25500297546387,1,-6.140000000000001,0,0.92,0,290
2800.0268936157227,,1,2800.0268936157227,-6.140000000000001,0.92,,,,,347.0020294189453,1,,0,,0,290
,692.0080184936523,0,,0.0,-6.72,692.0080184936523,4.88,-3.92,,,1,4.88,0,-3.92,0,291
1122.812032699585,1526.435136795044,0,1122.812032699585,4.88,-3.92,1526.435136795044,-6.3,-4.92,403.623104095459,430.8040142059326,1,-6.3,0,-4.92,0,291
1822.9150772094727,2240.8089637756348,0,1822.9150772094727,-6.3,-4.92,2240.8089637756348,-3.9,-2.22,417.8938865661621,296.4799404144287,1,-3.9,0,-2.22,0,291
2456.493139266968,2774.708032608032,0,2456.493139266968,-3.9,-2.22,2774.708032608032,-2.34,0.88,318.21489334106445,215.684175491333,1,-2.34,0,0.88,0,291
3056.389093399048,3374.8550415039062,0,3056.389093399048,-2.34,0.88,3374.8550415039062,-5.92,1.06,318.4659481048584,281.6810607910156,1,-5.92,0,1.06,0,291
3790.895938873291,4360.634088516235,0,3790.895938873291,-5.92,1.06,4360.634088516235,-0.56,4.82,569.7381496429443,416.04089736938477,1,-0.56,0,4.82,0,291
4827.65793800354,,1,4827.65793800354,-0.56,4.82,,,,,467.0238494873047,1,,0,,0,291
,792.8140163421631,0,,0.0,-6.72,792.8140163421631,1.28,-2.16,,,1,1.28,0,-2.16,0,292
1073.2970237731934,1358.0889701843262,0,1073.2970237731934,1.28,-2.16,1358.0889701843262,-2.2600000000000002,-3.96,284.7919464111328,280.4830074310303,1,-2.2600000000000002,0,-3.96,0,292
1657.8409671783447,2058.763027191162,0,1657.8409671783447,-2.2600000000000002,-3.96,2058.763027191162,1.78,2.22,400.9220600128174,299.75199699401855,1,1.78,0,2.22,0,292
2373.555898666382,3242.213010787964,0,2373.555898666382,1.78,2.22,3242.213010787964,-5.96,6.24,868.657112121582,314.7928714752197,1,-5.96,0,6.24,0,292
3690.746068954468,,1,3690.746068954468,-5.96,6.24,,,,,448.5330581665039,1,,0,,0,292
,697.6289749145508,0,,0.0,-6.72,697.6289749145508,-0.3,-2.9,,,1,-0.3,0,-2.9,0,293
994.3199157714844,1447.523832321167,0,994.3199157714844,-0.3,-2.9,1447.523832321167,-3.8000000000000003,-3.22,453.2039165496826,296.6909408569336,1,-3.8000000000000003,0,-3.22,0,293
1711.3349437713623,2230.7498455047607,0,1711.3349437713623,-3.8000000000000003,-3.22,2230.7498455047607,5.2,-5.5,519.4149017333984,263.8111114501953,1,5.2,0,-5.5,0,293
2610.646963119507,3329.385995864868,0,2610.646963119507,5.2,-5.5,3329.385995864868,5.18,1.82,718.7390327453613,379.8971176147461,1,5.18,0,1.82,0,293
3677.4368286132812,4212.84294128418,0,3677.4368286132812,5.18,1.82,4212.84294128418,-5.5200000000000005,6.94,535.4061126708984,348.0508327484131,1,-5.5200000000000005,0,6.94,0,293
4530.249834060669,4999.2170333862305,0,4530.249834060669,-5.5200000000000005,6.94,4999.2170333862305,-3.1,1.28,468.9671993255615,317.40689277648926,1,-3.1,0,1.28,0,293
5528.380870819092,,1,5528.380870819092,-3.1,1.28,,,,,529.1638374328613,1,,0,,0,293
,996.3059425354004,0,,0.0,-6.72,996.3059425354004,1.78,-3.72,,,1,1.78,0,-3.72,0,294
1276.149034500122,,1,1276.149034500122,1.78,-3.72,,,,,279.8430919647217,1,,0,,0,294
,713.0239009857178,0,,0.0,-6.72,713.0239009857178,4.74,-4.2,,,1,4.74,0,-4.2,0,295
1028.2750129699707,1379.652976989746,0,1028.2750129699707,4.74,-4.2,1379.652976989746,5.24,-0.38,351.3779640197754,315.25111198425293,1,5.24,0,-0.38,0,295
1630.7849884033203,2116.1420345306396,0,1630.7849884033203,5.24,-0.38,2116.1420345306396,-1.62,-1.82,485.35704612731934,251.13201141357422,1,-1.62,0,-1.82,0,295
2411.8621349334717,2864.345073699951,0,2411.8621349334717,-1.62,-1.82,2864.345073699951,-2.98,1.98,452.4829387664795,295.72010040283203,1,-2.98,0,1.98,0,295
3161.9861125946045,3949.0110874176025,0,3161.9861125946045,-2.98,1.98,3949.0110874176025,-2.36,5.88,787.024974822998,297.6410388946533,1,-2.36,0,5.88,0,295
4214.936017990112,4481.117010116577,0,4214.936017990112,-2.36,5.88,4481.117010116577,-5.28,4.44,266.18099212646484,265.92493057250977,1,-5.28,0,4.44,0,295
4695.961952209473,4883.441925048828,0,4695.961952209473,-5.28,4.44,4883.441925048828,-5.28,4.44,187.47997283935547,214.8449420928955,1,-5.28,0,4.44,0,295
5100.08692741394,,1,5100.08692741394,-5.28,4.44,,,,,216.6450023651123,1,,0,,0,295
,795.0417995452881,0,,0.0,-6.72,795.0417995452881,3.88,1.22,,,1,3.88,0,1.22,0,296
1194.389820098877,,1,1194.389820098877,3.88,1.22,,,,,399.34802055358887,1,,0,,0,296
,980.4439544677734,0,,0.0,-6.72,980.4439544677734,5.5200000000000005,2.82,,,1,5.5200000000000005,0,2.82,0,297
1301.6979694366455,1812.68310546875,0,1301.6979694366455,5.5200000000000005,2.82,1812.68310546875,6.28,-4.2,510.9851360321045,321.25401496887207,1,6.28,0,-4.2,0,297
2262.028932571411,2780.748128890991,0,2262.028932571411,6.28,-4.2,2780.748128890991,-5.64,1.04,518.7191963195801,449.34582710266113,1,-5.64,0,1.04,0,297
3446.8259811401367,,1,3446.8259811401367,-5.64,1.04,,,,,666.0778522491455,1,,0,,0,297
,1447.7930068969727,0,,0.0,-6.72,1447.7930068969727,5.82,-0.12,,,1,5.82,0,-0.12,0,298
1931.2241077423096,,1,1931.2241077423096,5.82,-0.12,,,,,483.4311008453369,1,,0,,0,298
,626.2209415435791,0,,0.0,-6.72,626.2209415435791,1.52,-1.8800000000000001,,,1,1.52,0,-1.8800000000000001,0,299
1213.1009101867676,1543.665885925293,0,1213.1009101867676,1.52,-1.8800000000000001,1543.665885925293,-2.58,-4.42,330.5649757385254,586.8799686431885,1,-2.58,0,-4.42,0,299
2042.2489643096924,,1,2042.2489643096924,-2.58,-4.42,,,,,498.5830783843994,1,,0,,0,299
,765.5088901519775,0,,0.0,-6.72,765.5088901519775,1.08,0.2,,,1,1.08,0,0.2,0,300
1164.3719673156738,1811.7520809173584,0,1164.3719673156738,1.08,0.2,1811.7520809173584,1.58,-3.84,647.3801136016846,398.8630771636963,1,1.58,0,-3.84,0,300
2261.6610527038574,,1,2261.6610527038574,1.58,-3.84,,,,,449.908971786499,1,,0,,0,300
,597.161054611206,0,,0.0,-6.72,597.161054611206,1.68,-0.66,,,1,1.68,0,-0.66,0,301
1030.7400226593018,,1,1030.7400226593018,1.68,-0.66,,,,,433.5789680480957,1,,0,,0,301
,632.6911449432373,0,,0.0,-6.72,632.6911449432373,-0.6,-3.4,,,1,-0.6,0,-3.4,0,302
946.8941688537598,1448.3740329742432,0,946.8941688537598,-0.6,-3.4,1448.3740329742432,1.5,3.36,501.4798641204834,314.20302391052246,1,1.5,0,3.36,0,302
1997.189998626709,2517.0161724090576,0,1997.189998626709,1.5,3.36,2517.0161724090576,-5.28,0.8,519.8261737823486,548.8159656524658,1,-5.28,0,0.8,0,302
2913.928985595703,,1,2913.928985595703,-5.28,0.8,,,,,396.9128131866455,1,,0,,0,302
,999.1312026977539,0,,0.0,-6.72,999.1312026977539,-2.16,2.5,,,1,-2.16,0,2.5,0,303
1416.0780906677246,,1,1416.0780906677246,-2.16,2.5,,,,,416.9468879699707,1,,0,,0,303
,707.597017288208,0,,0.0,-6.72,707.597017288208,-1.44,-1.34,,,1,-1.44,0,-1.34,0,304
1207.331895828247,1974.6968746185303,0,1207.331895828247,-1.44,-1.34,1974.6968746185303,4.0200000000000005,7.08,767.3649787902832,499.73487854003906,1,4.0200000000000005,0,7.08,0,304
2310.110092163086,,1,2310.110092163086,4.0200000000000005,7.08,,,,,335.41321754455566,1,,0,,0,304
,1147.8190422058105,0,,0.0,-6.72,1147.8190422058105,-0.58,6.46,,,1,-0.58,0,6.46,0,305
1463.6650085449219,,1,1463.6650085449219,-0.58,6.46,,,,,315.8459663391113,1,,0,,0,305
,1065.8979415893555,0,,0.0,-6.72,1065.8979415893555,2.6,-1.56,,,1,2.6,0,-1.56,0,306
1312.5078678131104,1846.729040145874,0,1312.5078678131104,2.6,-1.56,1846.729040145874,6.1000000000000005,-1.22,534.2211723327637,246.60992622375488,1,6.1000000000000005,0,-1.22,0,306
2428.931951522827,2646.1808681488037,0,2428.931951522827,6.1000000000000005,-1.22,2646.1808681488037,5.5,-5.42,217.24891662597656,582.2029113769531,1,5.5,0,-5.42,0,306
3112.596035003662,3864.5179271698,0,3112.596035003662,5.5,-5.42,3864.5179271698,-6.2,-5.14,751.9218921661377,466.4151668548584,1,-6.2,0,-5.14,0,306
4178.843975067139,4664.88790512085,0,4178.843975067139,-6.2,-5.14,4664.88790512085,-2.14,4.36,486.04393005371094,314.32604789733887,1,-2.14,0,4.36,0,306
5212.770938873291,,1,5212.770938873291,-2.14,4.36,,,,,547.8830337524414,1,,0,,0,306
,824.4400024414062,0,,0.0,-6.72,824.4400024414062,-6.28,-3.68,,,1,-6.28,0,-3.68,0,307
1139.7712230682373,,1,1139.7712230682373,-6.28,-3.68,,,,,315.33122062683105,1,,0,,0,307
,854.482889175415,0,,0.0,-6.72,854.482889175415,3.04,3.58,,,1,3.04,0,3.58,0,308
1520.4589366912842,1798.1739044189453,0,1520.4589366912842,3.04,3.58,1798.1739044189453,5.86,5.92,277.71496772766113,665.9760475158691,1,5.86,0,5.92,0,308
2281.548023223877,,1,2281.548023223877,5.86,5.92,,,,,483.37411880493164,1,,0,,0,308
,1124.3209838867188,0,,0.0,-6.72,1124.3209838867188,5.72,0.66,,,1,5.72,0,0.66,0,309
1374.4289875030518,2289.713144302368,0,1374.4289875030518,5.72,0.66,2289.713144302368,-2.6,0.8200000000000001,915.2841567993164,250.108003616333,1,-2.6,0,0.8200000000000001,0,309
2623.521089553833,3392.4190998077393,0,2623.521089553833,-2.6,0.8200000000000001,3392.4190998077393,1.6400000000000001,6.74,768.8980102539062,333.80794525146484,1,1.6400000000000001,0,6.74,0,309
3771.8710899353027,,1,3771.8710899353027,1.6400000000000001,6.74,,,,,379.4519901275635,1,,0,,0,309
,835.8299732208252,0,,0.0,-6.72,835.8299732208252,3.3200000000000003,7.1000000000000005,,,1,3.3200000000000003,0,7.1000000000000005,0,310
1254.284143447876,,1,1254.284143447876,3.3200000000000003,7.1000000000000005,,,,,418.4541702270508,1,,0,,0,310
,1252.8939247131348,0,,0.0,-6.72,1252.8939247131348,-6.16,0.32,,,1,-6.16,0,0.32,0,311
1536.8239879608154,2605.0078868865967,0,1536.8239879608154,-6.16,0.32,2605.0078868865967,-6.18,-4.8,1068.1838989257812,283.93006324768066,1,-6.18,0,-4.8,0,311
3070.5740451812744,,1,3070.5740451812744,-6.18,-4.8,,,,,465.56615829467773,1,,0,,0,311
,1038.89799118042,0,,0.0,-6.72,1038.89799118042,-2.72,6.5600000000000005,,,1,-2.72,0,6.5600000000000005,0,312
1504.0209293365479,,1,1504.0209293365479,-2.72,6.5600000000000005,,,,,465.12293815612793,1,,0,,0,312
,878.0879974365234,0,,0.0,-6.72,878.0879974365234,-4.0600000000000005,-5.36,,,1,-4.0600000000000005,0,-5.36,0,313
1192.9500102996826,,1,1192.9500102996826,-4.0600000000000005,-5.36,,,,,314.8620128631592,1,,0,,0,313
,940.7980442047119,0,,0.0,-6.72,940.7980442047119,5.84,5.26,,,1,5.84,0,5.26,0,314
1308.6681365966797,,1,1308.6681365966797,5.84,5.26,,,,,367.8700923919678,1,,0,,0,314
,1383.8610649108887,0,,0.0,-6.72,1383.8610649108887,4.0600000000000005,0.26,,,1,4.0600000000000005,0,0.26,0,315
1833.712100982666,,1,1833.712100982666,4.0600000000000005,0.26,,,,,449.85103607177734,1,,0,,0,315
,817.5599575042725,0,,0.0,-6.72,817.5599575042725,0.14,-3.0,,,1,0.14,0,-3.0,0,316
1283.9329242706299,,1,1283.9329242706299,0.14,-3.0,,,,,466.3729667663574,1,,0,,0,316
,1187.8809928894043,0,,0.0,-6.72,1187.8809928894043,1.6600000000000001,-3.04,,,1,1.6600000000000001,0,-3.04,0,317
1538.3188724517822,,1,1538.3188724517822,1.6600000000000001,-3.04,,,,,350.43787956237793,1,,0,,0,317
,651.0889530181885,0,,0.0,-6.72,651.0889530181885,1.68,-3.7600000000000002,,,1,1.68,0,-3.7600000000000002,0,318
1099.7979640960693,,1,1099.7979640960693,1.68,-3.7600000000000002,,,,,448.70901107788086,1,,0,,0,318
,1146.1970806121826,0,,0.0,-6.72,1146.1970806121826,-6.32,3.92,,,1,-6.32,0,3.92,0,319
1584.5210552215576,,1,1584.5210552215576,-6.32,3.92,,,,,438.323974609375,1,,0,,0,319
,690.7401084899902,0,,0.0,-6.72,690.7401084899902,4.76,-3.62,,,1,4.76,0,-3.62,0,320
1620.5410957336426,,1,1620.5410957336426,4.76,-3.62,,,,,929.8009872436523,1,,0,,0,320
,877.3601055145264,0,,0.0,-6.72,877.3601055145264,-2.2600000000000002,0.58,,,1,-2.2600000000000002,0,0.58,0,321
1210.676908493042,,1,1210.676908493042,-2.2600000000000002,0.58,,,,,333.3168029785156,1,,0,,0,321
,588.8290405273438,0,,0.0,-6.72,588.8290405273438,0.72,-1.6400000000000001,,,1,0.72,0,-1.6400000000000001,0,322
935.7800483703613,1455.693006515503,0,935.7800483703613,0.72,-1.6400000000000001,1455.693006515503,-4.4,-0.54,519.9129581451416,346.9510078430176,1,-4.4,0,-0.54,0,322
1736.9749546051025,2036.376953125,0,1736.9749546051025,-4.4,-0.54,2036.376953125,-5.86,-3.42,299.40199851989746,281.2819480895996,1,-5.86,0,-3.42,0,322
2325.2320289611816,2839.411973953247,0,2325.2320289611816,-5.86,-3.42,2839.411973953247,-2.2800000000000002,2.0,514.1799449920654,288.85507583618164,1,-2.2800000000000002,0,2.0,0,322
3203.22585105896,3570.1940059661865,0,3203.22585105896,-2.2800000000000002,2.0,3570.1940059661865,0.08,5.4,366.96815490722656,363.8138771057129,1,0.08,0,5.4,0,322
3773.509979248047,4441.242933273315,0,3773.509979248047,0.08,5.4,4441.242933273315,3.46,5.5200000000000005,667.7329540252686,203.31597328186035,1,3.46,0,5.5200000000000005,0,322
4952.447891235352,,1,4952.447891235352,3.46,5.5200000000000005,,,,,511.20495796203613,1,,0,,0,322
,698.9090442657471,0,,0.0,-6.72,698.9090442657471,1.48,-2.14,,,1,1.48,0,-2.14,0,323
908.8890552520752,1409.301996231079,0,908.8890552520752,1.48,-2.14,1409.301996231079,-4.48,-1.5,500.4129409790039,209.98001098632812,1,-4.48,0,-1.5,0,323
1659.2381000518799,,1,1659.2381000518799,-4.48,-1.5,,,,,249.93610382080078,1,,0,,0,323
,686.5179538726807,0,,0.0,-6.72,686.5179538726807,-1.68,-2.18,,,1,-1.68,0,-2.18,0,324
935.3430271148682,1303.7669658660889,0,935.3430271148682,-1.68,-2.18,1303.7669658660889,-4.58,-0.14,368.4239387512207,248.8250732421875,1,-4.58,0,-0.14,0,324
1519.3650722503662,2470.3619480133057,0,1519.3650722503662,-4.58,-0.14,2470.3619480133057,-1.0,3.62,950.9968757629395,215.59810638427734,1,-1.0,0,3.62,0,324
2752.208948135376,3402.8708934783936,0,2752.208948135376,-1.0,3.62,3402.8708934783936,-0.14,7.04,650.6619453430176,281.8470001220703,1,-0.14,0,7.04,0,324
3938.7989044189453,4403.882026672363,0,3938.7989044189453,-0.14,7.04,4403.882026672363,-4.58,-0.14,465.08312225341797,535.9280109405518,1,-4.58,0,-0.14,0,324
4952.666997909546,,1,4952.666997909546,-4.58,-0.14,,,,,548.7849712371826,1,,0,,0,324
,1139.3370628356934,0,,0.0,-6.72,1139.3370628356934,5.68,2.96,,,1,5.68,0,2.96,0,325
1455.17897605896,2090.857982635498,0,1455.17897605896,5.68,2.96,2090.857982635498,6.22,6.8,635.6790065765381,315.8419132232666,1,6.22,0,6.8,0,325
2405.6529998779297,,1,2405.6529998779297,6.22,6.8,,,,,314.79501724243164,1,,0,,0,325
,1170.145034790039,0,,0.0,-6.72,1170.145034790039,-0.56,-1.48,,,1,-0.56,0,-1.48,0,326
1484.4889640808105,,1,1484.4889640808105,-0.56,-1.48,,,,,314.3439292907715,1,,0,,0,326
,621.3209629058838,0,,0.0,-6.72,621.3209629058838,1.12,1.62,,,1,1.12,0,1.62,0,327
1120.2268600463867,,1,1120.2268600463867,1.12,1.62,,,,,498.90589714050293,1,,0,,0,327
,682.8110218048096,0,,0.0,-6.72,682.8110218048096,1.12,-3.42,,,1,1.12,0,-3.42,0,328
1080.8110237121582,1482.692003250122,0,1080.8110237121582,1.12,-3.42,1482.692003250122,1.12,4.32,401.88097953796387,398.00000190734863,1,1.12,0,4.32,0,328
2080.7888507843018,2766.2389278411865,0,2080.7888507843018,1.12,4.32,2766.2389278411865,-2.7,6.86,685.4500770568848,598.0968475341797,1,-2.7,0,6.86,0,328
3131.1068534851074,3766.178846359253,0,3131.1068534851074,-2.7,6.86,3766.178846359253,-6.2,2.34,635.0719928741455,364.8679256439209,1,-6.2,0,2.34,0,328
4280.887842178345,,1,4280.887842178345,-6.2,2.34,,,,,514.7089958190918,1,,0,,0,328
,929.4440746307373,0,,0.0,-6.72,929.4440746307373,-0.1,-2.9,,,1,-0.1,0,-2.9,0,329
1195.3999996185303,1530.1330089569092,0,1195.3999996185303,-0.1,-2.9,1530.1330089569092,-3.9,-3.96,334.7330093383789,265.95592498779297,1,-3.9,0,-3.96,0,329
2296.3240146636963,2646.42596244812,0,2296.3240146636963,-3.9,-3.96,2646.42596244812,2.94,-4.4,350.1019477844238,766.1910057067871,1,2.94,0,-4.4,0,329
3045.423984527588,3663.464069366455,0,3045.423984527588,2.94,-4.4,3663.464069366455,-0.26,5.1000000000000005,618.0400848388672,398.9980220794678,1,-0.26,0,5.1000000000000005,0,329
4112.13493347168,,1,4112.13493347168,-0.26,5.1000000000000005,,,,,448.6708641052246,1,,0,,0,329
,633.6989402770996,0,,0.0,-6.72,633.6989402770996,1.46,-2.68,,,1,1.46,0,-2.68,0,330
1038.7489795684814,,1,1038.7489795684814,1.46,-2.68,,,,,405.05003929138184,1,,0,,0,330
,1281.7981243133545,0,,0.0,-6.72,1281.7981243133545,-5.86,-0.9,,,1,-5.86,0,-0.9,0,331
1664.9179458618164,,1,1664.9179458618164,-5.86,-0.9,,,,,383.1198215484619,1,,0,,0,331
,912.3611450195312,0,,0.0,-6.72,912.3611450195312,-4.78,2.34,,,1,-4.78,0,2.34,0,332
1526.8781185150146,,1,1526.8781185150146,-4.78,2.34,,,,,614.5169734954834,1,,0,,0,332
,967.7369594573975,0,,0.0,-6.72,967.7369594573975,-3.64,1.9000000000000001,,,1,-3.64,0,1.9000000000000001,0,333
1346.2309837341309,2129.0318965911865,0,1346.2309837341309,-3.64,1.9000000000000001,2129.0318965911865,5.9,-4.46,782.8009128570557,378.4940242767334,1,5.9,0,-4.46,0,333
2679.1560649871826,,1,2679.1560649871826,5.9,-4.46,,,,,550.1241683959961,1,,0,,0,333
,643.7869071960449,0,,0.0,-6.72,643.7869071960449,-3.18,-5.18,,,1,-3.18,0,-5.18,0,334
1177.0668029785156,,1,1177.0668029785156,-3.18,-5.18,,,,,533.2798957824707,1,,0,,0,334
,858.2789897918701,0,,0.0,-6.72,858.2789897918701,-0.48,2.86,,,1,-0.48,0,2.86,0,335
1308.5391521453857,1976.2511253356934,0,1308.5391521453857,-0.48,2.86,1976.2511253356934,5.62,-5.42,667.7119731903076,450.2601623535156,1,5.62,0,-5.42,0,335
2441.4150714874268,,1,2441.4150714874268,5.62,-5.42,,,,,465.1639461517334,1,,0,,0,335
,856.3718795776367,0,,0.0,-6.72,856.3718795776367,1.62,4.7,,,1,1.62,0,4.7,0,336
1222.3079204559326,1825.1888751983643,0,1222.3079204559326,1.62,4.7,1825.1888751983643,-5.88,0.28,602.8809547424316,365.9360408782959,1,-5.88,0,0.28,0,336
2239.6059036254883,,1,2239.6059036254883,-5.88,0.28,,,,,414.417028427124,1,,0,,0,336
,711.3769054412842,0,,0.0,-6.72,711.3769054412842,2.42,-3.56,,,1,2.42,0,-3.56,0,337
1179.8930168151855,,1,1179.8930168151855,2.42,-3.56,,,,,468.51611137390137,1,,0,,0,337
,652.878999710083,0,,0.0,-6.72,652.878999710083,1.2,-1.86,,,1,1.2,0,-1.86,0,338
1118.3350086212158,,1,1118.3350086212158,1.2,-1.86,,,,,465.4560089111328,1,,0,,0,338
,751.9350051879883,0,,0.0,-6.72,751.9350051879883,2.2,-2.94,,,1,2.2,0,-2.94,0,339
1022.8209495544434,1551.1159896850586,0,1022.8209495544434,2.2,-2.94,1551.1159896850586,5.74,0.18,528.2950401306152,270.8859443664551,1,5.74,0,0.18,0,339
1833.6379528045654,2386.091947555542,0,1833.6379528045654,5.74,0.18,2386.091947555542,-4.08,0.88,552.4539947509766,282.52196311950684,1,-4.08,0,0.88,0,339
2785.5589389801025,,1,2785.5589389801025,-4.08,0.88,,,,,399.46699142456055,1,,0,,0,339
,802.7129173278809,0,,0.0,-6.72,802.7129173278809,-5.94,0.34,,,1,-5.94,0,0.34,0,340
1201.4970779418945,,1,1201.4970779418945,-5.94,0.34,,,,,398.7841606140137,1,,0,,0,340
,645.9968090057373,0,,0.0,-6.72,645.9968090057373,0.58,2.2,,,1,0.58,0,2.2,0,341
1177.095890045166,1411.3268852233887,0,1177.095890045166,0.58,2.2,1411.3268852233887,6.18,6.32,234.23099517822266,531.0990810394287,1,6.18,0,6.32,0,341
1878.2918453216553,,1,1878.2918453216553,6.18,6.32,,,,,466.9649600982666,1,,0,,0,341
,1529.2930603027344,0,,0.0,-6.72,1529.2930603027344,-5.0200000000000005,0.72,,,1,-5.0200000000000005,0,0.72,0,342
1862.6329898834229,2145.6408500671387,0,1862.6329898834229,-5.0200000000000005,0.72,2145.6408500671387,-5.7,4.1,283.0078601837158,333.3399295806885,1,-5.7,0,4.1,0,342
2494.601011276245,,1,2494.601011276245,-5.7,4.1,,,,,348.96016120910645,1,,0,,0,342
